movie,week_start,google_trends,reddit_mentions,reddit_posts,reddit_comments,reddit_sentiment,positive_share,negative_share,neutral_share,net_sentiment,weekly_box_office,total_box_office,imdb_rating,imdb_votes,imdb_runtime_minutes,imdb_genres,imdb_primary_title,reddit_sentiment_filled,positive_share_filled,negative_share_filled,neutral_share_filled,net_sentiment_filled,weekly_box_office_lag1,google_trends_lag1,reddit_mentions_lag1,reddit_sentiment_filled_lag1,log_weekly_box_office,log_google_trends,log_reddit_mentions,log_imdb_votes,target_next
Deadpool & Wolverine,2024-07-22,5.5714,176.0,9.0,167.0,0.3301,0.6307,0.1932,0.1761,0.4375,298575919.0,298575919.0,7.5,564469.0,128,"Action,Adventure,Comedy",Deadpool & Wolverine,0.3301,0.6307,0.1932,0.1761,0.4375,,,,,19.5145,1.8827,5.1761,13.2436,141580463.0
Deadpool & Wolverine,2024-07-29,5.7143,89.0,4.0,85.0,0.1747,0.4157,0.1798,0.4045,0.236,141580463.0,440156382.0,7.5,564469.0,128,"Action,Adventure,Comedy",Deadpool & Wolverine,0.1747,0.4157,0.1798,0.4045,0.236,298575919.0,5.5714,176.0,0.3301,18.7684,1.9042,4.4998,13.2436,76660513.0
Deadpool & Wolverine,2024-08-05,4.2857,5.0,4.0,1.0,0.6267,0.8,0.0,0.2,0.8,76660513.0,516816895.0,7.5,564469.0,128,"Action,Adventure,Comedy",Deadpool & Wolverine,0.6267,0.8,0.0,0.2,0.8,141580463.0,5.7143,89.0,0.1747,18.1549,1.665,1.7918,13.2436,42086471.0
Deadpool & Wolverine,2024-08-12,3.2857,7.0,1.0,6.0,0.3194,0.5714,0.1429,0.2857,0.4286,42086471.0,558903366.0,7.5,564469.0,128,"Action,Adventure,Comedy",Deadpool & Wolverine,0.3194,0.5714,0.1429,0.2857,0.4286,76660513.0,4.2857,5.0,0.6267,17.5552,1.4553,2.0794,13.2436,25437751.0
Deadpool & Wolverine,2024-08-19,2.4286,108.0,6.0,102.0,0.2812,0.6481,0.2593,0.0926,0.3889,25437751.0,584341117.0,7.5,564469.0,128,"Action,Adventure,Comedy",Deadpool & Wolverine,0.2812,0.6481,0.2593,0.0926,0.3889,42086471.0,3.2857,7.0,0.3194,17.0517,1.2322,4.6913,13.2436,22496623.0
Deadpool & Wolverine,2024-08-26,2.0,82.0,6.0,76.0,0.0668,0.5122,0.3171,0.1707,0.1951,22496623.0,606837740.0,7.5,564469.0,128,"Action,Adventure,Comedy",Deadpool & Wolverine,0.0668,0.5122,0.3171,0.1707,0.1951,25437751.0,2.4286,108.0,0.2812,16.9289,1.0986,4.4188,13.2436,9457904.0
Deadpool & Wolverine,2024-09-02,1.4286,5.0,2.0,3.0,0.6377,0.8,0.2,0.0,0.6,9457904.0,616295644.0,7.5,564469.0,128,"Action,Adventure,Comedy",Deadpool & Wolverine,0.6377,0.8,0.2,0.0,0.6,22496623.0,2.0,82.0,0.0668,16.0624,0.8873,1.7918,13.2436,7088981.0
Deadpool & Wolverine,2024-09-09,1.2857,6.0,5.0,1.0,-0.3126,0.1667,0.6667,0.1667,-0.5,7088981.0,623384625.0,7.5,564469.0,128,"Action,Adventure,Comedy",Deadpool & Wolverine,-0.3126,0.1667,0.6667,0.1667,-0.5,9457904.0,1.4286,5.0,0.6377,15.7741,0.8267,1.9459,13.2436,5215484.0
Deadpool & Wolverine,2024-09-16,1.2857,2.0,2.0,0.0,-0.0564,0.5,0.5,0.0,0.0,5215484.0,628600109.0,7.5,564469.0,128,"Action,Adventure,Comedy",Deadpool & Wolverine,-0.0564,0.5,0.5,0.0,0.0,7088981.0,1.2857,6.0,-0.3126,15.4671,0.8267,1.0986,13.2436,3713236.0
Dune 2,2024-02-26,59.7143,71.0,4.0,67.0,0.1927,0.5915,0.2394,0.169,0.3521,111027668.0,111027668.0,8.4,733875.0,166,"Action,Adventure,Drama",Dune: Part Two,0.1927,0.5915,0.2394,0.169,0.3521,,,,,18.5253,4.1062,4.2767,13.5061,65190249.0
Dune 2,2024-03-04,53.1429,73.0,2.0,71.0,0.3496,0.6575,0.2466,0.0959,0.411,65190249.0,176217917.0,8.4,733875.0,166,"Action,Adventure,Drama",Dune: Part Two,0.3496,0.6575,0.2466,0.0959,0.411,111027668.0,59.7143,71.0,0.1927,17.9928,3.9916,4.3041,13.5061,39540626.0
Dune 2,2024-03-11,32.1429,45.0,2.0,43.0,0.1347,0.4889,0.2889,0.2222,0.2,39540626.0,215758543.0,8.4,733875.0,166,"Action,Adventure,Drama",Dune: Part Two,0.1347,0.4889,0.2889,0.2222,0.2,65190249.0,53.1429,73.0,0.3496,17.4928,3.5008,3.8286,13.5061,25531484.0
Dune 2,2024-03-18,23.2857,49.0,2.0,47.0,0.2893,0.6531,0.1633,0.1837,0.4898,25531484.0,241290027.0,8.4,733875.0,166,"Action,Adventure,Drama",Dune: Part Two,0.2893,0.6531,0.1633,0.1837,0.4898,39540626.0,32.1429,45.0,0.1347,17.0554,3.1899,3.912,13.5061,16368560.0
Dune 2,2024-03-25,19.1429,0.0,0.0,0.0,,,,,,16368560.0,257658587.0,8.4,733875.0,166,"Action,Adventure,Drama",Dune: Part Two,0.0,0.0,0.0,0.0,0.0,25531484.0,23.2857,49.0,0.2893,16.6109,3.0029,0.0,13.5061,10125478.0
Dune 2,2024-04-01,16.7143,9.0,1.0,8.0,0.6402,0.7778,0.0,0.2222,0.7778,10125478.0,267784065.0,8.4,733875.0,166,"Action,Adventure,Drama",Dune: Part Two,0.6402,0.7778,0.0,0.2222,0.7778,16368560.0,19.1429,0.0,0.0,16.1306,2.8744,2.3026,13.5061,5908848.0
Dune 2,2024-04-08,15.0,83.0,1.0,82.0,0.1266,0.3976,0.253,0.3494,0.1446,5908848.0,273692913.0,8.4,733875.0,166,"Action,Adventure,Drama",Dune: Part Two,0.1266,0.3976,0.253,0.3494,0.1446,10125478.0,16.7143,9.0,0.6402,15.592,2.7726,4.4308,13.5061,4068496.0
Dune 2,2024-04-15,14.4286,80.0,1.0,79.0,0.246,0.625,0.25,0.125,0.375,4068496.0,277761409.0,8.4,733875.0,166,"Action,Adventure,Drama",Dune: Part Two,0.246,0.625,0.25,0.125,0.375,5908848.0,15.0,83.0,0.1266,15.2188,2.7362,4.3944,13.5061,2797322.0
Dune 2,2024-04-22,9.5714,39.0,1.0,38.0,0.1178,0.3846,0.2821,0.3333,0.1026,2797322.0,280558731.0,8.4,733875.0,166,"Action,Adventure,Drama",Dune: Part Two,0.1178,0.3846,0.2821,0.3333,0.1026,4068496.0,14.4286,80.0,0.246,14.8442,2.3582,3.6889,13.5061,1044460.0
Dune 2,2024-04-29,6.8571,4.0,0.0,4.0,0.154,0.5,0.25,0.25,0.25,1044460.0,281603191.0,8.4,733875.0,166,"Action,Adventure,Drama",Dune: Part Two,0.154,0.5,0.25,0.25,0.25,2797322.0,9.5714,39.0,0.1178,13.859,2.0614,1.6094,13.5061,541167.0
